order_id,customer_id,order_date,order_amount
1,447,2023-09-24,351.06
2,312,2023-10-15,338.14
3,848,2024-08-20,290.47
4,879,2024-11-05,359.86
5,91,2023-07-11,75.39
6,662,2024-06-10,420.97
7,999,2024-03-15,209.12
8,209,2023-11-07,230.55
9,115,2024-09-19,356.63
10,859,2024-05-18,147.14
11,839,2023-04-01,130.49
12,849,2023-05-04,394.83
13,267,2022-12-10,196.86
14,551,2022-12-25,388.36
15,857,2024-08-07,269.92
16,594,2023-12-03,123.22
17,399,2023-12-05,54.53
18,608,2024-02-24,294.95
19,360,2024-07-06,80.34
20,589,2023-08-05,83.79
21,930,2023-07-30,85.33
22,86,2024-05-09,115.44
23,382,2024-06-15,150.12
24,652,2024-11-08,464.96
25,855,2024-08-10,39.55
26,490,2023-08-20,288.95
27,708,2023-08-16,175.97
28,277,2024-02-29,485.48
29,845,2024-11-06,124.86
30,248,2024-10-27,314.74
31,194,2023-07-15,182.51
32,407,2023-05-20,38.59
33,622,2023-05-07,477.31
34,140,2024-05-16,374.81
35,771,2023-05-18,405.6
36,123,2024-10-08,44.64
37,828,2023-12-17,293.6
38,309,2023-11-28,321.9
39,495,2024-06-25,304.92
40,139,2024-10-11,134.77
41,116,2024-05-17,249.2
42,260,2023-07-25,378.11
43,562,2024-09-03,170.31
44,699,2024-08-27,137.72
45,604,2023-05-29,36.07
46,771,2023-05-31,488.7
47,275,2024-03-16,32.96
48,299,2023-09-19,132.11
49,111,2023-06-07,498.74
50,305,2023-01-12,341.35
51,788,2024-11-08,175.08
52,787,2024-06-02,37.73
53,706,2023-06-16,225.46
54,797,2023-11-06,314.55
55,210,2023-02-24,233.95
56,858,2024-04-08,413.8
57,467,2023-08-29,96.92
58,997,2024-09-26,398.33
59,143,2023-05-12,426.3
60,271,2023-05-02,402.42
61,214,2024-01-30,187.99
62,666,2024-06-18,104.65
63,354,2024-02-04,256.71
64,71,2024-07-04,357.82
65,173,2024-08-29,96.88
66,702,2022-12-27,105.62
67,354,2024-02-16,67.7
68,845,2024-02-23,31.15
69,588,2023-07-01,461.39
70,29,2024-06-18,189.08
71,121,2023-08-26,131.0
72,831,2024-08-17,344.02
73,931,2024-04-15,210.78
74,293,2024-05-07,137.11
75,248,2024-01-31,339.06
76,103,2022-12-26,375.23
77,151,2024-09-09,489.32
78,506,2023-10-22,236.71
79,481,2023-01-19,89.48
80,686,2023-04-27,162.58
81,806,2023-03-27,372.5
82,347,2024-06-25,96.21
83,42,2024-03-17,164.91
84,594,2023-07-19,25.08
85,148,2023-05-24,412.38
86,168,2023-09-03,423.3
87,834,2023-10-17,342.73
88,74,2024-07-01,10.58
89,866,2022-12-10,439.68
90,514,2022-11-28,227.9
91,290,2024-02-04,471.89
92,327,2024-03-07,266.84
93,181,2024-06-17,160.52
94,627,2023-10-26,180.66
95,213,2024-01-23,299.93
96,282,2022-12-12,137.67
97,125,2024-07-13,351.0
98,59,2023-02-22,424.75
99,920,2024-01-11,43.64
100,315,2023-05-01,436.66
101,952,2023-11-13,281.06
102,54,2023-08-15,62.08
103,538,2024-04-23,113.75
104,724,2023-06-02,40.79
105,921,2024-09-18,451.44
106,558,2024-01-27,63.6
107,901,2024-09-24,234.5
108,222,2024-06-06,181.38
109,802,2023-05-06,98.17
110,235,2024-06-08,435.21
111,28,2023-08-08,350.46
112,707,2024-03-17,33.59
113,251,2024-09-16,440.11
114,819,2024-06-13,253.54
115,881,2023-01-16,390.32
116,751,2024-09-30,180.58
117,223,2023-02-05,376.97
118,987,2024-02-08,86.8
119,208,2023-05-12,14.85
120,542,2023-05-07,200.38
121,897,2023-11-27,273.82
122,507,2024-03-20,74.56
123,172,2023-01-08,203.11
124,972,2024-06-27,245.69
125,191,2024-01-15,339.55
126,617,2023-12-31,436.25
127,71,2024-09-21,300.75
128,18,2023-08-02,271.08
129,745,2023-05-01,78.9
130,112,2023-03-14,312.56
131,544,2024-04-14,456.56
132,658,2023-06-27,286.37
133,869,2024-05-30,363.61
134,306,2024-11-04,405.7
135,538,2023-11-30,268.88
136,860,2023-07-29,12.03
137,89,2024-04-29,75.58
138,287,2023-09-12,142.11
139,346,2023-09-12,424.49
140,180,2024-04-18,277.11
141,525,2024-04-06,445.58
142,460,2024-10-19,317.46
143,620,2023-11-23,400.83
144,255,2023-04-02,494.96
145,571,2023-08-01,34.54
146,895,2023-01-26,68.63
147,527,2024-07-09,150.61
148,607,2024-08-19,393.59
149,633,2024-04-21,278.18
150,291,2023-07-25,71.54
151,232,2024-02-20,156.52
152,862,2024-02-28,22.72
153,695,2024-07-25,72.65
154,871,2023-12-26,94.65
155,797,2022-11-23,445.38
156,607,2023-09-13,289.65
157,320,2023-12-28,263.42
158,615,2024-08-21,345.98
159,648,2023-08-07,277.34
160,474,2023-04-12,483.21
161,783,2023-09-13,187.6
162,819,2024-08-07,382.7
163,333,2023-10-30,144.14
164,199,2024-01-03,50.7
165,78,2023-02-20,212.92
166,48,2024-08-10,404.88
167,946,2022-12-13,382.5
168,248,2024-08-01,460.66
169,19,2023-01-09,178.07
170,469,2022-12-06,72.89
171,916,2023-07-12,44.69
172,514,2024-04-06,78.36
173,250,2023-11-16,340.12
174,512,2023-11-28,407.8
175,152,2024-01-31,147.02
176,361,2024-05-11,304.51
177,521,2024-08-18,98.75
178,168,2024-01-07,477.12
179,66,2024-01-24,433.33
180,27,2024-02-12,164.8
181,658,2024-01-26,348.99
182,872,2023-01-06,24.34
183,652,2023-12-27,107.88
184,430,2023-11-03,119.89
185,278,2023-04-21,179.15
186,160,2023-03-05,268.84
187,709,2023-12-30,498.25
188,544,2022-12-22,368.57
189,218,2024-07-31,74.06
190,818,2024-10-14,381.93
191,982,2023-08-04,322.54
192,782,2024-06-26,379.24
193,353,2023-05-14,130.67
194,259,2023-04-19,466.73
195,208,2023-01-06,180.2
196,815,2024-06-24,95.24
197,90,2024-02-09,372.01
198,247,2023-09-14,411.93
199,347,2023-08-06,304.1
200,81,2023-06-19,72.06
201,554,2024-01-02,410.21
202,261,2023-11-10,387.91
203,724,2023-03-24,131.74
204,545,2023-03-19,494.05
205,196,2023-11-16,146.73
206,138,2024-03-24,260.79
207,442,2024-08-26,223.58
208,193,2023-02-03,16.79
209,834,2023-12-24,171.6
210,906,2024-05-29,424.23
211,614,2024-09-24,191.92
212,730,2023-12-30,207.4
213,979,2023-11-20,286.41
214,128,2023-04-10,17.05
215,389,2024-04-27,485.9
216,891,2024-09-01,114.99
217,251,2024-08-17,236.9
218,981,2024-10-21,155.06
219,334,2023-08-21,445.02
220,336,2023-11-12,102.83
221,705,2023-09-06,144.34
222,853,2024-08-04,139.11
223,768,2022-12-28,340.03
224,350,2024-06-17,292.87
225,321,2023-06-26,260.18
226,247,2023-01-04,99.86
227,691,2023-12-05,81.48
228,601,2024-11-02,493.34
229,323,2024-05-27,464.02
230,983,2024-07-30,171.59
231,168,2023-04-05,441.4
232,453,2024-08-25,72.68
233,443,2023-04-27,24.66
234,690,2023-12-06,433.32
235,257,2024-07-18,250.95
236,902,2023-03-07,130.0
237,957,2023-10-21,371.94
238,568,2023-06-06,397.8
239,310,2024-08-01,96.91
240,788,2024-06-20,379.35
241,30,2024-01-03,409.55
242,114,2024-11-02,239.79
243,450,2023-08-12,288.5
244,172,2024-05-09,306.64
245,500,2023-02-26,456.6
246,521,2024-07-20,180.87
247,310,2023-12-14,94.5
248,279,2023-08-04,187.54
249,225,2023-02-03,242.67
250,205,2024-05-29,134.37
251,700,2023-12-05,284.2
252,794,2024-08-31,253.71
253,355,2024-04-28,262.04
254,832,2024-10-26,207.38
255,926,2022-11-28,22.3
256,460,2024-02-26,35.5
257,72,2024-01-22,323.13
258,81,2024-01-24,16.88
259,159,2024-11-09,455.66
260,782,2023-10-10,344.19
261,607,2024-03-02,451.35
262,937,2023-04-06,466.99
263,840,2024-08-21,15.63
264,82,2023-06-06,154.26
265,493,2024-02-09,393.43
266,504,2023-10-14,292.66
267,962,2023-02-04,345.09
268,540,2024-07-18,497.99
269,488,2024-10-16,499.24
270,32,2023-09-18,207.46
271,303,2023-06-01,14.37
272,512,2024-05-07,349.27
273,326,2023-01-16,202.63
274,444,2023-04-13,290.5
275,965,2023-05-20,75.73
276,120,2022-11-26,492.72
277,114,2024-05-16,413.86
278,487,2024-02-18,16.34
279,586,2024-02-05,256.8
280,523,2024-10-07,130.28
281,575,2023-03-30,64.93
282,630,2024-08-04,18.19
283,123,2024-07-01,341.99
284,526,2024-02-01,26.04
285,295,2023-06-07,254.08
286,650,2023-10-02,34.8
287,331,2024-01-18,428.77
288,893,2023-10-16,314.91
289,836,2024-07-27,472.86
290,289,2023-06-14,126.24
291,406,2024-03-01,492.07
292,162,2024-08-31,372.5
293,836,2024-03-05,32.03
294,499,2024-05-01,285.17
295,500,2023-06-21,195.64
296,404,2022-12-22,494.88
297,473,2023-07-07,193.36
298,418,2024-02-01,117.82
299,55,2023-10-06,176.6
300,461,2022-12-30,392.51
301,697,2024-01-06,218.5
302,627,2023-01-27,266.75
303,195,2024-01-20,128.76
304,349,2023-08-18,385.47
305,169,2023-05-04,23.68
306,54,2023-01-04,363.68
307,820,2024-08-06,169.45
308,870,2023-03-29,296.96
309,217,2023-07-04,186.57
310,291,2023-09-22,462.28
311,183,2023-07-02,454.72
312,597,2022-11-13,373.05
313,727,2024-04-19,163.4
314,427,2024-05-03,490.56
315,702,2024-10-24,64.43
316,644,2023-02-20,263.2
317,830,2024-01-27,247.53
318,389,2023-01-15,344.43
319,705,2023-06-02,113.21
320,618,2024-08-25,385.98
321,496,2024-02-19,103.67
322,387,2024-09-18,67.84
323,33,2024-08-12,254.71
324,931,2024-11-04,44.62
325,495,2023-12-15,268.69
326,409,2024-09-16,108.51
327,177,2024-02-09,97.68
328,555,2024-10-27,235.24
329,736,2024-11-04,224.8
330,144,2024-06-13,23.77
331,659,2023-09-27,317.45
332,207,2024-02-28,437.22
333,431,2022-11-14,146.16
334,911,2023-09-21,389.79
335,228,2024-11-01,443.41
336,950,2024-04-13,377.51
337,118,2023-08-13,445.55
338,346,2023-03-27,432.39
339,962,2023-12-24,102.5
340,66,2023-08-05,346.55
341,971,2023-06-12,243.77
342,502,2023-05-23,399.97
343,905,2023-07-01,36.96
344,710,2024-10-23,20.65
345,624,2023-07-12,47.01
346,693,2023-06-27,154.12
347,513,2023-09-11,237.16
348,75,2024-07-24,247.86
349,378,2022-11-27,470.36
350,92,2023-07-01,67.25
351,232,2024-09-22,153.7
352,920,2023-11-03,336.12
353,498,2024-03-07,473.61
354,547,2024-06-26,184.71
355,127,2022-11-25,356.74
356,970,2024-04-26,217.85
357,939,2024-10-19,475.82
358,360,2023-06-11,110.67
359,443,2023-06-07,49.53
360,141,2023-11-18,234.66
361,655,2023-08-19,180.87
362,100,2023-07-04,85.63
363,583,2023-11-07,239.13
364,842,2024-07-24,31.17
365,584,2023-06-28,300.13
366,574,2023-01-21,481.15
367,284,2023-02-26,70.97
368,737,2023-08-06,334.92
369,249,2024-01-23,59.07
370,948,2023-08-21,447.01
371,222,2024-06-25,49.01
372,552,2024-04-18,345.01
373,77,2024-01-31,274.03
374,20,2024-08-19,469.4
375,128,2023-01-23,447.84
376,555,2024-08-28,111.75
377,828,2023-08-27,480.06
378,516,2024-02-17,246.01
379,658,2024-07-27,381.98
380,700,2024-01-12,382.21
381,664,2023-04-25,175.03
382,456,2024-05-27,94.46
383,207,2024-03-23,362.3
384,320,2024-01-24,352.26
385,551,2024-09-28,386.94
386,506,2023-02-25,208.6
387,202,2024-03-19,69.07
388,758,2023-02-08,275.07
389,394,2023-05-07,62.49
390,904,2024-01-26,104.21
391,912,2024-08-21,113.25
392,88,2023-10-27,209.78
393,909,2022-11-14,335.2
394,407,2024-09-19,428.96
395,201,2024-01-31,446.82
396,157,2023-07-29,128.77
397,335,2023-08-22,327.43
398,302,2023-05-24,106.09
399,340,2023-05-08,370.86
400,854,2024-07-17,167.82
401,777,2023-05-13,271.53
402,777,2024-02-27,485.55
403,158,2024-09-11,109.32
404,57,2024-10-12,245.74
405,962,2024-06-30,124.55
406,425,2023-02-18,127.68
407,563,2022-11-20,259.71
408,704,2024-06-29,261.86
409,87,2024-02-11,217.8
410,519,2023-08-30,487.7
411,479,2023-12-30,21.75
412,712,2023-03-20,236.43
413,801,2024-10-29,259.36
414,355,2023-02-26,429.39
415,673,2024-09-25,82.15
416,286,2023-02-22,377.99
417,166,2023-08-08,415.15
418,131,2024-03-28,414.35
419,352,2024-05-11,238.91
420,285,2022-12-12,473.39
421,829,2023-12-26,153.11
422,720,2024-04-06,13.33
423,367,2023-01-12,49.3
424,764,2023-08-02,348.13
425,631,2023-08-25,483.15
426,341,2022-12-27,335.76
427,715,2024-02-07,469.61
428,356,2023-04-08,373.89
429,983,2024-04-08,349.06
430,884,2023-04-01,375.41
431,727,2023-02-21,247.4
432,502,2023-11-19,357.48
433,823,2023-11-11,275.09
434,612,2024-10-29,358.7
435,784,2024-08-30,162.16
436,209,2024-10-27,268.76
437,311,2023-04-21,351.91
438,537,2023-05-18,348.18
439,61,2023-10-28,346.39
440,836,2023-12-04,265.08
441,10,2023-02-08,299.38
442,539,2023-07-28,266.76
443,822,2024-04-30,471.87
444,735,2024-01-11,442.16
445,293,2024-03-16,454.04
446,809,2023-04-09,166.67
447,724,2024-01-12,374.41
448,416,2022-12-17,117.05
449,856,2022-12-13,164.71
450,923,2024-09-06,64.41
451,815,2023-06-25,60.15
452,749,2024-03-14,205.63
453,677,2023-09-03,340.04
454,381,2024-03-11,227.9
455,30,2024-06-02,20.36
456,825,2023-06-12,244.13
457,257,2023-09-25,196.14
458,392,2023-06-04,105.42
459,926,2024-08-19,99.08
460,521,2023-01-21,24.33
461,851,2024-08-06,334.89
462,803,2023-07-15,235.84
463,231,2022-12-29,89.45
464,488,2023-12-07,311.08
465,284,2023-02-16,492.14
466,431,2023-05-08,338.27
467,489,2022-12-21,423.54
468,543,2024-01-14,194.3
469,307,2024-03-06,22.19
470,256,2023-02-24,428.4
471,482,2022-11-13,244.24
472,179,2023-01-30,386.62
473,442,2024-01-18,290.06
474,829,2023-12-01,92.3
475,891,2023-04-14,70.49
476,717,2022-12-27,211.15
477,527,2023-06-04,401.65
478,125,2024-01-30,382.47
479,368,2023-04-21,295.35
480,815,2024-02-27,455.46
481,143,2023-12-11,201.9
482,788,2023-01-12,386.79
483,123,2024-01-17,82.77
484,288,2023-11-16,398.61
485,619,2023-11-13,210.53
486,316,2023-12-05,258.47
487,625,2023-12-04,426.67
488,755,2024-04-07,92.71
489,782,2024-08-30,301.29
490,918,2024-09-16,168.97
491,506,2023-06-23,129.38
492,634,2023-05-23,72.84
493,852,2024-01-13,82.31
494,944,2024-10-13,298.28
495,734,2024-07-11,101.19
496,425,2024-03-31,143.47
497,692,2022-12-17,144.82
498,264,2023-09-08,433.76
499,980,2023-07-31,214.23
500,387,2024-08-18,465.72
501,884,2024-09-21,285.17
502,726,2023-12-23,37.14
503,118,2024-08-20,67.7
504,9,2024-02-26,111.47
505,504,2023-11-17,81.14
506,190,2023-05-12,219.16
507,567,2024-07-23,145.13
508,304,2024-09-05,175.87
509,354,2023-09-06,464.9
510,794,2023-06-08,254.16
511,503,2022-12-27,120.14
512,278,2022-11-18,96.56
513,718,2024-03-24,363.51
514,873,2024-02-17,53.66
515,682,2023-04-06,429.73
516,694,2023-03-18,382.54
517,952,2024-05-18,218.77
518,558,2024-10-03,115.13
519,224,2023-08-07,470.49
520,892,2024-08-14,38.71
521,110,2023-02-14,88.34
522,339,2023-07-28,411.43
523,546,2023-05-06,187.67
524,37,2024-03-27,346.62
525,964,2024-04-23,167.83
526,138,2024-06-12,414.61
527,148,2023-09-23,18.98
528,339,2023-09-17,329.94
529,792,2024-01-03,21.83
530,405,2024-09-28,386.98
531,836,2024-09-28,438.39
532,672,2024-09-23,494.71
533,816,2024-07-14,391.49
534,281,2023-04-09,82.45
535,725,2023-04-13,168.44
536,283,2023-04-23,282.12
537,519,2023-03-20,240.92
538,566,2024-09-03,33.6
539,860,2023-04-14,208.22
540,437,2023-06-29,224.58
541,609,2024-09-27,434.65
542,628,2022-12-03,108.91
543,561,2024-04-21,245.38
544,960,2023-09-15,347.38
545,93,2023-07-05,32.69
546,719,2023-09-16,56.21
547,175,2023-05-06,43.45
548,673,2024-08-17,259.75
549,767,2024-07-12,433.51
550,95,2024-09-07,281.68
551,259,2024-10-06,318.81
552,818,2024-05-14,409.32
553,316,2023-08-11,392.46
554,385,2023-09-10,17.34
555,84,2024-05-01,433.63
556,390,2024-09-03,33.98
557,874,2024-09-26,276.52
558,795,2022-11-17,362.1
559,579,2023-01-18,114.86
560,357,2024-04-30,45.04
561,19,2024-09-29,130.83
562,823,2023-12-26,494.9
563,100,2023-04-14,352.78
564,823,2024-05-02,107.72
565,761,2024-03-11,379.92
566,496,2024-08-12,78.02
567,642,2023-05-04,441.37
568,492,2023-06-26,208.45
569,633,2023-06-29,289.07
570,837,2024-07-03,179.04
571,260,2023-04-03,141.61
572,721,2024-10-02,202.73
573,376,2023-11-09,277.54
574,296,2023-03-03,42.0
575,568,2023-05-24,482.08
576,559,2023-07-28,157.29
577,995,2023-01-25,464.02
578,888,2024-02-29,199.69
579,891,2024-06-15,74.95
580,454,2023-05-14,196.86
581,733,2024-06-18,57.54
582,275,2023-01-06,184.55
583,453,2023-11-15,139.42
584,122,2023-05-07,322.87
585,114,2022-12-04,12.27
586,341,2023-05-24,126.7
587,982,2023-07-15,399.33
588,891,2024-07-18,357.63
589,235,2023-05-08,302.74
590,173,2024-03-26,165.14
591,121,2023-07-17,462.03
592,296,2023-01-17,311.07
593,856,2022-12-23,346.41
594,429,2023-03-28,152.16
595,334,2023-05-31,197.07
596,23,2023-08-26,134.67
597,852,2023-02-05,142.96
598,802,2022-12-01,228.72
599,613,2024-08-13,319.55
600,753,2022-11-18,60.77
601,234,2024-05-08,471.8
602,257,2023-12-21,75.43
603,660,2023-11-28,477.77
604,864,2023-08-10,42.55
605,717,2024-05-23,63.35
606,59,2023-04-08,492.08
607,209,2023-01-22,291.56
608,850,2024-02-26,233.02
609,902,2024-07-26,117.32
610,165,2024-04-23,105.68
611,257,2023-01-12,290.01
612,875,2024-01-26,170.83
613,641,2023-02-14,281.15
614,352,2023-12-17,34.35
615,285,2024-08-04,313.21
616,578,2023-11-29,58.74
617,569,2023-04-25,229.3
618,186,2023-12-02,111.99
619,806,2024-01-17,448.17
620,844,2024-10-06,48.29
621,955,2023-05-16,477.87
622,45,2023-03-25,440.57
623,630,2023-11-05,437.62
624,9,2024-02-03,401.11
625,567,2024-03-06,451.06
626,789,2023-10-27,206.41
627,598,2023-01-29,172.99
628,383,2024-08-17,228.06
629,884,2023-06-22,437.23
630,274,2024-03-20,308.23
631,950,2022-12-26,487.21
632,516,2024-10-26,406.32
633,22,2023-10-14,24.44
634,63,2024-04-28,262.26
635,200,2024-07-06,392.48
636,515,2024-10-04,181.9
637,119,2024-04-08,244.92
638,158,2023-07-26,41.6
639,87,2024-03-26,430.9
640,178,2023-09-20,124.55
641,405,2023-05-26,440.97
642,47,2024-05-05,483.61
643,652,2023-11-18,404.56
644,136,2024-02-05,68.67
645,669,2023-01-11,61.54
646,495,2024-04-27,137.72
647,111,2024-04-03,18.97
648,498,2024-04-11,311.03
649,2,2024-06-23,390.86
650,738,2023-03-29,431.5
651,520,2024-05-23,211.99
652,863,2024-01-13,112.9
653,306,2023-05-11,341.35
654,245,2024-07-13,147.16
655,16,2024-01-25,424.28
656,490,2023-09-08,415.91
657,607,2023-04-15,263.15
658,796,2023-07-30,461.25
659,890,2024-06-30,110.32
660,783,2024-03-29,63.97
661,603,2023-08-19,159.35
662,642,2024-04-05,296.97
663,128,2024-06-01,473.2
664,501,2024-07-20,353.48
665,918,2024-03-30,368.17
666,90,2024-09-06,375.01
667,164,2024-03-04,219.34
668,396,2024-01-09,50.92
669,746,2023-11-22,364.84
670,675,2024-02-05,144.74
671,349,2023-11-29,198.25
672,33,2023-03-03,430.56
673,560,2023-11-26,64.53
674,68,2022-12-18,415.22
675,576,2023-06-23,382.3
676,539,2024-10-14,389.09
677,280,2023-08-27,78.86
678,656,2024-05-07,391.85
679,712,2023-03-15,279.74
680,551,2023-10-20,182.74
681,851,2023-02-02,179.71
682,375,2024-07-02,459.26
683,894,2024-01-25,70.44
684,280,2024-11-07,40.08
685,419,2022-11-13,231.82
686,953,2022-12-12,89.77
687,706,2024-02-16,499.46
688,757,2024-06-14,323.8
689,715,2023-10-05,198.82
690,463,2023-05-27,282.15
691,502,2024-05-08,482.9
692,526,2023-03-18,295.75
693,787,2024-08-05,249.29
694,747,2023-04-03,215.2
695,972,2022-12-05,29.22
696,172,2024-01-13,437.69
697,378,2023-01-01,244.21
698,121,2024-01-09,229.75
699,879,2024-09-28,397.2
700,209,2023-01-02,425.24
701,989,2023-01-18,484.62
702,534,2024-11-01,382.02
703,285,2022-12-14,457.31
704,625,2024-10-14,343.64
705,398,2023-12-05,411.58
706,422,2024-07-06,193.54
707,419,2023-06-07,338.87
708,134,2024-02-14,268.91
709,748,2023-04-26,252.87
710,112,2024-03-02,45.87
711,422,2024-08-22,87.76
712,756,2023-07-30,74.38
713,267,2024-05-16,224.43
714,401,2023-10-04,311.03
715,176,2024-08-31,434.18
716,609,2024-01-16,242.59
717,267,2023-01-24,92.54
718,575,2023-01-07,202.86
719,567,2023-04-04,155.49
720,149,2023-08-09,15.23
721,12,2023-10-12,201.64
722,685,2023-01-05,209.85
723,145,2024-03-19,196.3
724,380,2023-06-24,498.31
725,324,2024-04-14,371.09
726,738,2023-07-14,479.41
727,509,2023-01-21,480.15
728,113,2023-07-20,10.73
729,31,2024-01-01,266.9
730,519,2023-10-28,290.93
731,40,2023-07-03,120.75
732,205,2023-08-21,48.94
733,842,2023-12-01,61.22
734,31,2023-01-20,68.14
735,118,2023-08-13,39.8
736,303,2023-01-23,208.36
737,260,2023-04-24,280.84
738,903,2023-12-01,291.49
739,466,2024-08-31,248.91
740,690,2024-03-12,93.78
741,907,2024-05-04,47.04
742,3,2024-10-17,310.14
743,579,2024-02-01,229.6
744,998,2023-06-30,333.86
745,61,2023-02-22,384.62
746,412,2023-12-24,269.87
747,521,2024-03-08,407.02
748,752,2023-11-08,438.16
749,53,2024-08-11,429.25
750,451,2023-01-14,154.65
751,375,2024-04-02,212.63
752,171,2024-02-02,324.86
753,554,2023-05-12,249.39
754,472,2024-07-22,415.85
755,951,2023-06-13,177.1
756,233,2024-03-04,95.51
757,670,2024-08-22,44.59
758,844,2023-05-26,281.74
759,280,2024-08-14,166.59
760,506,2024-07-17,230.49
761,11,2024-08-14,483.24
762,370,2023-06-09,496.55
763,763,2023-04-23,104.47
764,93,2023-05-26,385.16
765,81,2023-04-11,428.79
766,659,2023-12-09,474.45
767,365,2023-09-23,137.35
768,370,2022-12-10,463.34
769,447,2024-07-14,467.86
770,861,2023-02-18,461.68
771,501,2022-12-12,84.26
772,527,2022-12-29,129.79
773,528,2024-09-08,45.04
774,206,2024-05-31,159.63
775,362,2024-07-09,418.56
776,538,2023-09-05,65.65
777,206,2023-05-15,22.98
778,444,2023-06-20,319.42
779,818,2024-04-20,138.52
780,982,2023-05-17,219.39
781,182,2024-01-14,118.3
782,633,2023-01-20,249.96
783,740,2023-09-13,32.4
784,288,2024-02-22,185.59
785,504,2023-10-09,406.09
786,25,2023-09-21,416.51
787,552,2024-07-28,231.13
788,190,2024-06-25,425.95
789,239,2024-01-31,498.94
790,699,2022-12-08,402.7
791,458,2024-04-19,62.21
792,458,2023-09-06,202.63
793,86,2023-01-16,320.78
794,920,2024-02-26,335.27
795,111,2023-01-10,165.25
796,304,2023-07-01,499.82
797,484,2022-12-27,85.9
798,895,2024-02-06,296.94
799,86,2023-04-29,28.23
800,685,2023-12-19,363.55
801,232,2023-09-18,299.11
802,343,2023-12-28,151.63
803,825,2024-03-13,474.69
804,27,2023-03-01,418.1
805,657,2024-08-31,162.19
806,674,2024-05-11,354.95
807,67,2024-10-18,187.47
808,76,2024-03-26,160.91
809,8,2024-05-17,23.98
810,620,2024-04-17,242.08
811,513,2022-12-01,178.85
812,262,2023-09-14,30.24
813,425,2023-01-25,151.09
814,148,2023-04-18,384.95
815,698,2023-10-13,99.76
816,693,2023-09-11,49.15
817,228,2023-05-23,200.44
818,533,2023-07-26,242.89
819,720,2024-03-06,119.03
820,879,2024-05-03,475.42
821,813,2024-06-12,228.14
822,633,2023-02-08,240.9
823,85,2024-07-13,197.09
824,6,2023-05-29,203.93
825,254,2024-05-02,77.5
826,486,2023-08-18,281.79
827,585,2024-03-02,154.94
828,803,2024-09-07,330.95
829,697,2024-05-24,422.29
830,790,2023-01-05,326.98
831,476,2024-11-02,91.09
832,439,2023-09-03,410.54
833,864,2022-11-15,329.45
834,983,2024-08-29,264.96
835,877,2024-01-14,372.11
836,470,2023-11-23,259.09
837,510,2022-11-24,174.29
838,678,2023-07-01,355.92
839,753,2023-12-05,486.69
840,944,2023-01-16,263.42
841,528,2023-07-02,265.35
842,573,2022-12-03,106.44
843,477,2023-01-26,441.07
844,77,2024-09-25,128.51
845,988,2024-01-16,203.15
846,858,2023-06-16,198.45
847,193,2023-02-28,305.18
848,212,2023-01-22,266.9
849,310,2023-06-29,175.38
850,986,2023-12-30,144.55
851,627,2024-01-03,273.92
852,982,2023-12-19,240.46
853,422,2024-03-21,177.65
854,616,2024-09-09,327.67
855,552,2024-10-24,42.23
856,722,2023-04-16,110.07
857,453,2022-12-27,167.9
858,60,2023-11-09,78.86
859,852,2023-01-21,149.94
860,687,2024-06-04,116.64
861,508,2023-04-19,389.48
862,710,2024-04-14,122.82
863,749,2023-06-08,118.66
864,789,2024-10-07,89.32
865,107,2024-10-14,113.03
866,18,2023-03-04,430.43
867,433,2024-03-30,256.5
868,684,2024-10-13,94.08
869,507,2024-05-25,329.01
870,952,2023-05-03,373.41
871,423,2024-05-13,152.84
872,252,2023-12-31,80.39
873,953,2023-12-11,388.18
874,751,2024-08-20,31.18
875,771,2024-08-03,323.05
876,640,2024-04-14,434.7
877,884,2023-06-10,379.56
878,315,2023-11-21,84.58
879,837,2024-04-05,170.37
880,193,2024-06-14,45.4
881,653,2023-02-16,160.9
882,159,2023-12-30,450.14
883,603,2024-03-22,63.81
884,371,2023-07-09,471.75
885,213,2024-04-27,315.52
886,755,2022-12-28,110.78
887,173,2023-09-14,36.96
888,360,2024-07-10,24.58
889,748,2023-05-18,301.84
890,929,2023-04-21,119.04
891,341,2023-09-17,387.33
892,123,2024-05-23,355.16
893,305,2024-04-11,185.44
894,981,2024-02-27,385.16
895,417,2022-11-24,47.96
896,728,2022-11-17,345.43
897,222,2022-11-25,15.59
898,454,2023-11-10,29.26
899,822,2024-06-09,28.03
900,412,2022-12-25,196.19
901,862,2024-03-29,77.6
902,20,2024-01-06,37.27
903,413,2022-12-11,86.29
904,647,2024-02-20,54.48
905,435,2024-04-16,307.16
906,48,2023-09-28,362.35
907,595,2024-07-23,320.65
908,529,2023-03-27,239.56
909,840,2024-11-08,134.96
910,713,2024-06-17,479.43
911,67,2024-03-05,257.24
912,865,2024-09-21,458.2
913,132,2023-01-02,258.43
914,398,2022-12-23,49.89
915,764,2024-10-10,317.31
916,840,2023-05-20,483.06
917,808,2024-05-28,171.25
918,315,2024-08-07,287.37
919,548,2024-03-08,46.76
920,418,2024-01-02,467.27
921,890,2023-05-16,493.42
922,121,2023-03-15,37.77
923,515,2024-04-26,151.64
924,794,2023-03-02,374.17
925,156,2024-03-14,378.73
926,342,2023-01-29,496.37
927,556,2023-05-10,450.07
928,225,2024-05-23,42.04
929,771,2022-12-08,186.47
930,364,2024-07-05,421.4
931,80,2024-08-04,59.79
932,718,2024-04-22,183.64
933,247,2023-05-06,436.28
934,251,2024-08-27,471.75
935,136,2024-04-12,446.1
936,624,2024-10-10,457.93
937,984,2023-06-21,239.06
938,227,2022-12-29,117.24
939,407,2024-04-24,265.8
940,950,2023-10-07,56.7
941,405,2023-07-27,210.63
942,810,2024-03-18,101.0
943,23,2024-10-30,142.29
944,589,2024-04-08,106.56
945,924,2023-08-29,310.45
946,385,2023-05-03,459.53
947,467,2023-10-20,34.7
948,882,2022-12-31,328.21
949,897,2022-11-27,185.27
950,494,2024-01-19,336.04
951,419,2023-01-04,75.49
952,489,2023-02-22,316.16
953,154,2024-08-27,302.67
954,513,2024-02-28,328.18
955,549,2023-05-09,347.21
956,194,2024-04-08,158.18
957,956,2023-03-09,100.35
958,499,2023-10-21,157.66
959,206,2024-06-16,38.59
960,488,2024-08-05,321.31
961,149,2023-05-13,68.74
962,506,2022-12-25,287.27
963,135,2024-10-24,200.9
964,750,2024-08-11,342.76
965,625,2023-06-09,247.11
966,816,2024-09-15,95.15
967,320,2024-09-30,135.98
968,643,2023-10-29,382.49
969,607,2023-01-30,292.52
970,346,2022-11-28,313.81
971,865,2024-08-01,428.01
972,370,2023-04-25,333.85
973,120,2024-02-21,342.28
974,42,2024-03-30,36.15
975,623,2022-12-16,338.08
976,833,2023-04-15,126.99
977,754,2023-05-16,232.15
978,480,2024-06-07,78.08
979,377,2022-12-23,324.85
980,732,2023-07-04,135.09
981,471,2023-03-29,419.84
982,802,2024-09-27,28.08
983,906,2024-03-21,175.91
984,158,2024-01-27,50.12
985,192,2024-02-16,322.16
986,787,2023-07-03,167.9
987,106,2022-12-11,134.07
988,627,2023-06-06,230.0
989,497,2023-05-01,313.39
990,456,2024-06-06,251.66
991,850,2024-02-25,76.2
992,695,2024-06-29,462.26
993,699,2023-01-21,381.56
994,162,2024-07-06,393.98
995,161,2024-06-21,227.19
996,882,2023-01-10,294.53
997,586,2023-02-04,320.05
998,402,2024-09-23,419.01
999,888,2024-03-19,427.11
1000,174,2023-10-09,45.13
1001,143,2023-09-20,284.66
1002,733,2024-07-21,308.42
1003,573,2024-11-06,77.77
1004,217,2024-03-25,370.69
1005,101,2022-12-15,81.21
1006,252,2024-04-16,402.96
1007,328,2023-09-05,75.38
1008,649,2024-08-04,237.12
1009,566,2023-01-31,398.85
1010,341,2024-08-07,496.8
1011,280,2023-01-16,423.66
1012,485,2024-03-19,86.66
1013,694,2023-02-19,179.01
1014,812,2023-06-27,59.13
1015,434,2023-04-11,436.46
1016,560,2023-02-26,380.82
1017,388,2022-12-25,295.15
1018,775,2024-07-04,283.39
1019,1000,2023-12-07,317.16
1020,970,2023-08-04,219.96
1021,204,2024-04-27,24.68
1022,649,2023-08-12,102.36
1023,201,2024-09-24,123.5
1024,112,2024-01-12,421.29
1025,984,2023-11-30,223.19
1026,316,2024-04-12,450.83
1027,561,2022-12-03,38.59
1028,264,2024-10-15,305.06
1029,172,2024-08-09,128.22
1030,433,2024-04-27,128.79
1031,200,2023-04-16,71.08
1032,345,2024-01-15,186.73
1033,104,2024-02-04,111.23
1034,905,2022-12-15,451.77
1035,567,2024-02-15,249.1
1036,413,2023-07-14,348.59
1037,863,2023-12-18,480.97
1038,388,2023-01-30,255.17
1039,47,2024-01-21,83.02
1040,274,2024-09-13,461.64
1041,724,2024-01-08,267.26
1042,159,2024-09-02,411.35
1043,935,2023-01-16,352.73
1044,786,2023-11-03,405.58
1045,801,2024-10-24,275.66
1046,111,2024-06-21,115.28
1047,917,2022-11-15,210.35
1048,585,2024-01-01,479.75
1049,160,2024-03-19,193.73
1050,495,2023-07-29,178.58
1051,999,2022-12-19,472.98
1052,28,2024-10-24,219.95
1053,204,2024-10-24,400.56
1054,336,2023-04-13,354.65
1055,36,2022-12-19,464.22
1056,174,2024-01-11,116.31
1057,330,2024-10-12,88.44
1058,314,2023-01-06,94.84
1059,198,2024-07-29,263.14
1060,996,2024-05-05,203.49
1061,872,2024-06-16,247.01
1062,140,2024-02-02,372.24
1063,744,2024-04-11,69.25
1064,174,2022-12-06,495.71
1065,573,2022-11-16,280.45
1066,651,2024-03-31,471.53
1067,817,2024-04-16,26.12
1068,813,2024-06-10,401.52
1069,580,2024-07-13,38.2
1070,81,2023-09-24,237.57
1071,193,2023-09-09,474.01
1072,137,2024-07-26,161.2
1073,31,2023-05-16,236.47
1074,521,2023-05-18,277.86
1075,509,2023-03-11,284.56
1076,761,2024-06-25,355.7
1077,648,2024-08-07,26.53
1078,998,2023-07-30,134.41
1079,865,2023-11-27,360.77
1080,275,2023-11-02,316.78
1081,1000,2024-01-23,313.11
1082,858,2023-02-04,306.38
1083,121,2024-01-31,126.44
1084,298,2024-05-17,102.47
1085,620,2023-08-14,486.83
1086,558,2023-05-13,196.1
1087,599,2023-11-30,148.38
1088,945,2024-02-23,151.01
1089,440,2023-01-06,214.63
1090,593,2023-12-18,285.75
1091,218,2023-03-28,37.38
1092,655,2024-10-29,314.45
1093,377,2024-08-19,323.79
1094,776,2024-10-27,462.24
1095,129,2023-11-02,17.86
1096,427,2024-08-28,338.43
1097,323,2023-05-16,477.19
1098,952,2024-07-13,438.33
1099,176,2023-02-22,407.22
1100,815,2023-01-25,204.67
1101,433,2024-08-02,367.17
1102,257,2023-01-19,463.53
1103,808,2024-07-06,23.22
1104,577,2024-08-24,449.12
1105,707,2024-03-31,217.96
1106,330,2024-01-02,76.48
1107,865,2024-10-22,91.61
1108,578,2024-03-28,462.74
1109,697,2024-04-09,302.48
1110,756,2024-04-01,388.05
1111,203,2023-01-30,296.97
1112,732,2023-07-29,446.03
1113,36,2024-03-05,287.63
1114,748,2024-06-15,195.82
1115,793,2024-07-27,333.13
1116,924,2023-02-11,316.69
1117,215,2024-04-22,331.39
1118,131,2023-05-30,397.65
1119,755,2024-07-22,464.12
1120,808,2023-06-18,118.02
1121,39,2024-05-29,18.48
1122,218,2024-10-17,479.73
1123,336,2024-03-12,27.52
1124,96,2023-05-31,346.83
1125,904,2024-05-29,497.74
1126,753,2024-06-07,77.23
1127,122,2024-07-07,99.57
1128,483,2023-06-14,372.69
1129,444,2023-12-08,278.23
1130,655,2024-06-07,401.49
1131,880,2023-08-14,254.12
1132,559,2024-05-04,233.99
1133,880,2023-05-28,446.78
1134,937,2023-08-15,445.39
1135,818,2024-08-15,472.68
1136,161,2024-05-27,426.8
1137,364,2024-06-30,436.26
1138,336,2023-12-15,224.43
1139,292,2023-03-12,335.51
1140,727,2023-07-25,125.57
1141,927,2023-01-26,78.69
1142,569,2024-10-13,375.9
1143,450,2023-04-08,325.2
1144,193,2024-01-01,482.06
1145,236,2023-03-22,498.73
1146,806,2024-02-28,217.53
1147,649,2023-06-24,248.96
1148,706,2024-06-20,376.11
1149,12,2024-07-15,27.58
1150,233,2023-12-07,308.83
1151,192,2023-02-18,72.08
1152,904,2024-10-30,27.4
1153,524,2024-10-07,185.35
1154,648,2024-02-06,349.75
1155,224,2024-10-05,265.6
1156,221,2024-03-08,210.88
1157,144,2023-06-10,253.65
1158,819,2023-09-25,422.0
1159,615,2023-09-28,146.72
1160,655,2023-02-01,454.17
1161,821,2024-09-08,365.31
1162,478,2023-08-30,259.59
1163,414,2023-03-08,385.4
1164,273,2024-09-04,171.8
1165,400,2024-01-23,344.85
1166,338,2023-07-23,236.48
1167,637,2023-08-22,483.26
1168,928,2023-11-04,141.71
1169,39,2024-07-23,489.31
1170,306,2023-11-20,300.11
1171,911,2024-01-19,259.44
1172,700,2024-02-09,150.44
1173,41,2023-05-16,398.75
1174,638,2024-03-06,257.95
1175,839,2023-06-17,265.01
1176,994,2023-01-27,206.05
1177,693,2023-07-14,420.86
1178,924,2023-05-04,117.2
1179,919,2023-02-16,369.83
1180,548,2024-09-21,227.42
1181,243,2023-08-09,20.05
1182,111,2024-04-26,152.91
1183,212,2023-07-16,324.77
1184,332,2023-05-12,154.14
1185,504,2023-08-11,360.09
1186,355,2024-08-18,464.97
1187,788,2023-11-12,255.66
1188,143,2022-11-26,344.23
1189,288,2023-06-19,236.91
1190,176,2024-04-16,262.29
1191,755,2023-02-05,209.14
1192,842,2024-10-21,389.38
1193,787,2022-11-12,106.97
1194,181,2024-07-10,284.76
1195,439,2023-06-25,449.53
1196,697,2023-09-29,84.54
1197,513,2023-06-26,458.07
1198,250,2024-06-25,259.34
1199,230,2023-04-05,286.64
1200,158,2023-07-30,407.91
1201,883,2023-04-04,267.5
1202,650,2023-06-24,275.97
1203,80,2024-02-22,367.53
1204,831,2023-10-01,278.37
1205,669,2023-01-05,380.32
1206,136,2022-12-17,440.88
1207,276,2023-11-04,487.46
1208,901,2024-06-21,47.21
1209,524,2023-11-16,278.25
1210,532,2023-10-08,77.73
1211,288,2023-09-26,186.77
1212,127,2024-01-19,28.02
1213,382,2023-03-02,107.35
1214,381,2023-10-19,312.89
1215,962,2023-01-19,484.73
1216,767,2024-10-23,298.1
1217,795,2022-12-28,210.76
1218,309,2023-06-19,305.64
1219,861,2024-03-15,107.58
1220,362,2024-10-25,93.32
1221,536,2023-10-31,226.72
1222,726,2024-06-25,341.08
1223,448,2024-02-18,257.99
1224,289,2023-11-19,183.67
1225,460,2024-09-08,267.92
1226,216,2023-02-07,267.94
1227,277,2024-03-13,285.42
1228,484,2024-05-27,47.41
1229,81,2023-12-22,281.55
1230,105,2023-05-04,227.01
1231,209,2023-09-19,48.72
1232,927,2024-08-09,357.28
1233,995,2024-09-06,334.14
1234,718,2024-03-18,137.57
1235,316,2023-10-14,373.82
1236,526,2023-02-15,44.82
1237,10,2023-11-06,443.13
1238,347,2023-09-15,265.8
1239,386,2023-02-02,186.36
1240,236,2024-10-04,248.95
1241,634,2022-11-12,135.45
1242,424,2023-07-17,187.96
1243,815,2024-08-29,347.53
1244,760,2023-08-17,113.23
1245,342,2022-12-20,273.99
1246,476,2023-03-27,183.76
1247,587,2022-11-11,437.45
1248,49,2023-09-16,337.87
1249,683,2024-04-15,393.33
1250,665,2024-06-16,330.99
1251,641,2024-04-08,291.33
1252,789,2024-07-09,466.6
1253,700,2024-02-16,201.04
1254,957,2024-06-24,50.05
1255,849,2023-12-29,75.46
1256,919,2023-04-14,471.72
1257,418,2023-02-13,350.55
1258,377,2024-06-23,221.99
1259,717,2024-02-20,115.08
1260,243,2023-01-21,410.51
1261,143,2023-06-30,428.37
1262,361,2022-12-26,368.69
1263,552,2023-10-03,55.82
1264,96,2024-01-23,185.44
1265,563,2023-02-20,475.95
1266,446,2023-10-26,66.91
1267,162,2023-10-02,104.52
1268,903,2023-12-10,460.76
1269,241,2024-10-11,141.62
1270,59,2024-06-23,373.59
1271,327,2023-09-22,156.72
1272,286,2023-05-18,116.63
1273,467,2024-11-02,434.18
1274,253,2024-08-29,355.07
1275,6,2024-09-11,454.13
1276,486,2024-04-14,193.91
1277,491,2022-12-30,18.18
1278,639,2024-02-06,339.86
1279,416,2024-02-19,212.75
1280,161,2023-07-31,145.61
1281,428,2024-06-21,336.53
1282,309,2024-07-08,446.04
1283,262,2023-02-19,196.47
1284,208,2023-08-02,179.36
1285,639,2023-05-03,273.63
1286,311,2024-04-22,423.54
1287,755,2024-05-15,45.5
1288,930,2023-06-30,109.47
1289,633,2023-08-10,109.93
1290,792,2023-10-27,221.27
1291,775,2024-01-24,162.0
1292,541,2023-01-21,414.63
1293,858,2022-12-22,281.98
1294,865,2023-05-28,69.34
1295,63,2024-01-29,426.4
1296,331,2023-04-25,96.34
1297,56,2024-03-09,319.15
1298,608,2022-12-05,317.24
1299,59,2022-12-28,488.4
1300,857,2024-11-05,23.93
1301,55,2024-11-03,381.18
1302,16,2023-11-24,71.8
1303,458,2023-10-28,451.14
1304,823,2024-09-29,319.82
1305,597,2023-02-28,462.17
1306,801,2022-12-28,393.18
1307,675,2023-09-30,81.88
1308,568,2024-07-30,77.38
1309,663,2023-08-16,269.11
1310,897,2023-12-03,453.73
1311,59,2023-10-17,37.58
1312,615,2023-05-31,173.39
1313,588,2023-10-19,498.36
1314,626,2024-09-08,396.06
1315,615,2024-01-01,101.74
1316,50,2023-03-11,280.02
1317,42,2022-12-04,69.03
1318,447,2022-11-20,260.93
1319,248,2024-10-06,162.2
1320,503,2024-03-04,285.92
1321,53,2024-08-10,472.99
1322,378,2024-09-21,263.35
1323,497,2023-08-14,393.01
1324,214,2024-01-02,487.44
1325,949,2024-09-11,159.1
1326,81,2022-12-26,167.93
1327,815,2022-11-18,255.79
1328,803,2024-03-07,232.08
1329,520,2023-10-08,192.48
1330,888,2023-07-20,336.44
1331,406,2023-04-17,391.48
1332,415,2023-11-25,190.12
1333,51,2023-12-18,138.2
1334,465,2023-08-21,408.69
1335,70,2024-08-21,162.14
1336,292,2023-10-20,228.79
1337,819,2023-02-24,349.86
1338,792,2022-11-19,439.56
1339,851,2023-05-20,387.53
1340,699,2023-06-12,370.1
1341,982,2023-05-16,223.12
1342,723,2023-07-16,320.4
1343,378,2023-09-23,20.74
1344,534,2023-04-26,204.18
1345,10,2023-12-13,103.83
1346,596,2024-07-06,307.3
1347,249,2024-02-17,87.04
1348,6,2024-10-08,75.03
1349,7,2023-10-06,471.9
1350,349,2023-01-24,479.68
1351,807,2023-01-17,361.58
1352,311,2023-11-22,330.89
1353,61,2024-01-31,92.11
1354,485,2023-03-15,326.78
1355,103,2023-02-18,188.17
1356,436,2023-03-19,120.55
1357,363,2024-10-17,13.27
1358,599,2023-10-26,16.93
1359,845,2023-01-23,214.19
1360,772,2023-08-17,394.73
1361,315,2023-11-08,51.58
1362,677,2024-05-17,268.18
1363,721,2023-03-23,166.75
1364,483,2024-02-24,268.75
1365,36,2023-07-29,285.52
1366,808,2024-08-02,91.58
1367,732,2024-01-11,445.78
1368,720,2022-12-20,435.16
1369,455,2023-05-13,379.16
1370,713,2024-08-26,370.94
1371,395,2024-09-17,36.51
1372,443,2023-09-19,95.61
1373,202,2023-06-18,386.59
1374,230,2024-09-20,434.75
1375,404,2023-06-25,65.24
1376,377,2023-06-12,149.0
1377,9,2024-11-01,155.83
1378,411,2024-02-19,121.15
1379,526,2024-10-03,196.1
1380,609,2024-03-22,444.5
1381,177,2023-01-27,409.41
1382,688,2023-05-15,104.04
1383,233,2023-01-10,352.07
1384,437,2023-08-31,118.38
1385,702,2023-09-17,128.42
1386,960,2024-05-02,384.87
1387,839,2023-06-12,133.92
1388,117,2024-09-23,216.97
1389,279,2023-11-26,380.49
1390,133,2024-05-08,295.72
1391,797,2024-04-04,369.62
1392,542,2023-07-12,265.93
1393,291,2023-02-18,78.98
1394,854,2023-03-28,67.98
1395,767,2024-05-24,212.18
1396,716,2023-06-13,121.49
1397,678,2023-08-19,431.37
1398,396,2024-05-03,128.94
1399,911,2024-11-06,489.88
1400,390,2023-05-17,407.09
1401,439,2024-06-16,143.71
1402,379,2023-09-09,161.02
1403,728,2023-06-28,397.14
1404,704,2023-04-02,412.64
1405,538,2024-09-15,43.05
1406,594,2024-02-07,205.57
1407,348,2023-11-27,140.84
1408,956,2023-12-24,356.01
1409,626,2023-06-19,130.38
1410,927,2023-09-24,430.81
1411,241,2022-11-29,76.2
1412,177,2022-11-30,70.39
1413,957,2023-01-23,310.27
1414,239,2024-05-27,196.1
1415,816,2024-05-02,243.15
1416,354,2023-08-04,118.96
1417,708,2023-02-05,319.79
1418,277,2024-08-30,421.68
1419,903,2024-03-06,29.51
1420,634,2023-06-07,128.53
1421,523,2023-11-11,346.67
1422,210,2024-02-13,439.31
1423,439,2023-03-12,295.94
1424,592,2024-01-03,208.6
1425,986,2022-12-24,239.31
1426,53,2023-09-20,270.42
1427,999,2024-04-28,262.14
1428,890,2023-02-20,388.59
1429,70,2024-09-07,234.82
1430,905,2024-03-11,350.12
1431,811,2024-10-08,429.14
1432,52,2024-09-07,362.75
1433,777,2022-12-22,286.64
1434,917,2024-05-24,403.73
1435,840,2024-06-16,471.73
1436,101,2023-11-23,454.17
1437,400,2022-11-14,178.06
1438,968,2024-06-09,165.99
1439,948,2024-04-21,226.2
1440,336,2024-07-28,267.01
1441,170,2023-01-09,102.77
1442,385,2023-02-23,163.11
1443,108,2023-03-15,144.87
1444,490,2023-07-23,443.33
1445,41,2024-10-09,362.46
1446,991,2023-02-01,336.81
1447,595,2024-10-19,125.22
1448,404,2023-09-22,220.29
1449,597,2024-04-02,288.77
1450,610,2024-05-18,426.03
1451,702,2024-04-01,77.71
1452,916,2024-01-07,282.03
1453,515,2024-05-26,412.09
1454,952,2023-01-03,464.51
1455,230,2024-01-03,227.82
1456,454,2024-10-04,20.96
1457,918,2023-04-27,485.08
1458,206,2024-01-08,201.91
1459,55,2023-07-16,257.43
1460,986,2023-04-29,314.81
1461,737,2024-07-16,75.07
1462,988,2023-05-29,349.95
1463,938,2024-06-01,19.3
1464,147,2023-12-30,76.39
1465,165,2024-07-16,326.45
1466,431,2023-04-12,251.33
1467,154,2024-02-18,148.81
1468,279,2022-12-02,293.03
1469,626,2023-04-18,237.25
1470,468,2023-02-26,417.84
1471,916,2024-06-17,103.65
1472,545,2023-10-28,74.34
1473,242,2023-02-01,186.37
1474,916,2024-06-20,358.67
1475,996,2024-03-12,146.66
1476,765,2024-07-28,257.07
1477,496,2024-04-30,27.6
1478,291,2024-05-11,73.34
1479,352,2023-07-27,447.22
1480,616,2024-02-26,376.2
1481,819,2024-08-29,431.88
1482,944,2024-10-29,153.85
1483,424,2024-06-12,181.01
1484,114,2023-03-27,107.16
1485,424,2024-01-06,362.88
1486,430,2023-04-30,423.72
1487,4,2023-06-11,188.47
1488,856,2023-04-17,47.25
1489,176,2024-04-22,444.96
1490,549,2023-02-13,247.2
1491,456,2023-08-06,139.76
1492,893,2024-07-06,64.86
1493,511,2024-04-29,310.76
1494,755,2024-01-16,215.67
1495,418,2024-09-14,20.91
1496,773,2024-05-11,34.3
1497,512,2023-03-31,127.47
1498,778,2023-10-06,82.02
1499,303,2024-09-16,131.63
1500,492,2024-06-30,310.46
1501,645,2023-12-20,499.83
1502,922,2023-08-09,468.75
1503,922,2024-09-19,371.12
1504,874,2024-01-18,181.47
1505,644,2024-06-12,406.21
1506,965,2024-02-14,161.32
1507,535,2023-10-22,148.21
1508,494,2024-07-11,248.03
1509,230,2024-06-11,434.53
1510,311,2024-08-20,479.49
1511,374,2023-06-10,346.95
1512,499,2023-09-03,345.16
1513,739,2022-12-09,223.32
1514,513,2023-08-29,175.2
1515,357,2024-08-03,333.37
1516,447,2024-01-08,201.31
1517,542,2023-10-16,434.21
1518,796,2024-02-22,62.73
1519,948,2024-02-14,251.01
1520,922,2023-09-26,491.59
1521,363,2023-06-03,168.43
1522,890,2023-12-30,16.65
1523,213,2024-02-08,29.02
1524,985,2024-07-02,227.13
1525,146,2024-08-07,202.66
1526,661,2023-10-12,105.13
1527,127,2023-10-09,213.37
1528,802,2024-09-19,260.57
1529,174,2022-11-23,15.93
1530,316,2023-09-23,72.75
1531,311,2023-12-20,409.83
1532,465,2024-06-28,423.82
1533,688,2023-06-12,355.9
1534,918,2024-10-06,309.48
1535,604,2023-06-08,262.27
1536,701,2023-09-03,388.89
1537,595,2023-08-22,410.24
1538,404,2023-07-29,302.5
1539,5,2023-07-15,195.25
1540,594,2022-12-04,97.14
1541,156,2023-02-09,338.89
1542,540,2024-03-15,390.12
1543,919,2024-11-10,148.32
1544,483,2024-03-04,383.46
1545,361,2022-11-27,364.43
1546,953,2023-12-27,229.55
1547,196,2023-05-07,441.57
1548,832,2023-05-25,118.34
1549,762,2024-08-17,60.65
1550,354,2023-03-14,125.09
1551,360,2024-01-15,318.98
1552,755,2024-05-23,266.86
1553,233,2024-09-16,498.73
1554,170,2023-09-30,131.67
1555,490,2024-10-23,361.97
1556,292,2024-06-11,424.63
1557,586,2024-07-23,136.4
1558,644,2023-05-05,161.99
1559,713,2024-02-05,445.19
1560,523,2024-08-13,156.35
1561,416,2023-11-25,109.04
1562,418,2024-09-12,204.04
1563,983,2023-10-25,372.89
1564,202,2023-08-17,44.86
1565,924,2024-06-20,164.49
1566,750,2023-10-05,175.02
1567,539,2023-05-15,182.94
1568,618,2023-11-11,371.73
1569,90,2024-03-11,439.93
1570,492,2022-11-23,324.11
1571,526,2023-11-24,41.59
1572,503,2024-07-10,474.94
1573,926,2024-03-29,64.57
1574,557,2023-04-08,304.81
1575,248,2024-08-22,267.65
1576,48,2024-10-30,344.09
1577,35,2023-04-21,255.68
1578,526,2023-10-03,133.2
1579,165,2023-05-31,356.03
1580,836,2023-12-10,280.97
1581,364,2023-10-29,345.65
1582,637,2024-02-20,183.14
1583,386,2024-10-23,443.39
1584,370,2023-11-12,425.4
1585,272,2023-07-06,321.96
1586,67,2023-02-17,442.12
1587,232,2024-05-17,49.29
1588,369,2022-12-02,326.83
1589,867,2024-02-22,330.99
1590,929,2023-01-10,290.75
1591,679,2023-12-21,192.07
1592,448,2024-03-30,404.44
1593,513,2024-09-07,337.69
1594,465,2023-07-02,143.57
1595,912,2023-08-04,271.77
1596,108,2024-09-23,441.42
1597,53,2024-03-04,167.98
1598,689,2023-12-05,112.33
1599,681,2024-10-25,343.78
1600,383,2023-08-07,296.45
1601,189,2024-02-07,90.09
1602,416,2022-11-20,295.35
1603,728,2024-09-07,260.84
1604,79,2023-01-11,477.13
1605,254,2022-11-20,124.56
1606,223,2023-09-05,66.01
1607,892,2024-05-09,340.12
1608,999,2023-08-22,426.43
1609,886,2023-12-19,92.91
1610,11,2024-06-15,416.24
1611,648,2023-03-15,229.34
1612,687,2023-07-10,418.92
1613,820,2024-09-28,326.57
1614,7,2024-07-16,250.63
1615,634,2024-08-20,227.35
1616,230,2023-05-03,90.21
1617,607,2023-08-05,41.37
1618,155,2024-01-27,283.7
1619,420,2023-09-29,421.01
1620,667,2024-02-06,133.88
1621,272,2023-04-25,470.77
1622,117,2024-09-15,132.26
1623,872,2024-07-09,340.29
1624,373,2023-06-13,155.24
1625,367,2023-06-10,181.08
1626,188,2023-09-04,497.18
1627,49,2024-04-30,237.49
1628,358,2023-10-07,138.53
1629,371,2024-02-21,94.99
1630,424,2024-03-22,189.56
1631,936,2023-08-09,405.7
1632,992,2023-02-01,429.89
1633,956,2024-10-06,348.72
1634,300,2023-09-19,18.29
1635,960,2024-06-03,136.75
1636,569,2024-10-08,57.4
1637,341,2024-01-21,365.0
1638,153,2023-09-15,146.04
1639,315,2024-03-30,249.83
1640,678,2023-03-30,110.11
1641,89,2022-12-24,93.76
1642,901,2024-03-12,397.51
1643,944,2024-04-06,250.86
1644,523,2024-02-18,278.23
1645,240,2023-10-09,14.14
1646,7,2023-05-08,178.98
1647,558,2023-11-23,483.64
1648,874,2023-04-23,351.72
1649,532,2023-05-18,495.05
1650,182,2023-11-13,281.95
1651,446,2023-11-30,370.06
1652,925,2023-04-14,81.73
1653,44,2024-10-06,243.7
1654,317,2023-08-28,161.53
1655,753,2024-06-26,85.65
1656,951,2024-02-15,457.62
1657,301,2024-09-30,119.08
1658,524,2023-10-18,267.89
1659,853,2023-03-01,306.42
1660,19,2024-02-19,225.76
1661,14,2024-09-19,387.37
1662,909,2024-02-26,419.95
1663,561,2024-05-17,146.47
1664,619,2024-05-15,364.98
1665,935,2023-08-19,10.86
1666,195,2024-08-29,390.26
1667,589,2024-03-16,483.74
1668,984,2023-06-27,90.91
1669,423,2022-12-30,298.06
1670,45,2023-02-12,157.35
1671,69,2024-10-29,208.75
1672,712,2023-01-25,313.72
1673,90,2024-06-09,103.62
1674,94,2023-01-06,97.64
1675,431,2023-11-30,476.77
1676,228,2024-06-14,409.64
1677,598,2023-11-23,352.84
1678,428,2024-03-16,421.08
1679,241,2024-03-09,483.92
1680,504,2024-10-31,158.32
1681,397,2023-11-21,86.46
1682,136,2023-01-24,190.12
1683,37,2023-09-13,219.56
1684,417,2023-08-22,274.47
1685,723,2024-02-17,372.74
1686,253,2023-06-15,89.39
1687,243,2024-08-29,78.17
1688,789,2024-01-29,181.42
1689,763,2023-07-15,118.76
1690,558,2024-05-13,322.59
1691,351,2024-06-19,60.67
1692,964,2024-11-02,359.77
1693,844,2023-09-19,189.52
1694,941,2023-04-14,368.13
1695,492,2023-05-02,479.83
1696,977,2024-04-27,474.96
1697,850,2023-04-25,380.54
1698,431,2023-02-17,474.97
1699,263,2024-06-17,290.5
1700,939,2024-05-22,423.34
1701,480,2023-06-14,358.7
1702,397,2022-11-15,464.68
1703,86,2023-10-30,39.6
1704,119,2022-12-20,446.49
1705,589,2024-05-05,52.58
1706,457,2023-04-16,342.62
1707,995,2024-05-11,24.28
1708,869,2023-09-30,220.96
1709,912,2024-09-05,437.73
1710,685,2023-11-11,102.87
1711,167,2023-02-27,268.45
1712,789,2024-05-19,62.0
1713,148,2024-11-10,115.9
1714,885,2024-03-23,17.75
1715,274,2023-09-28,162.75
1716,603,2024-10-05,246.37
1717,510,2022-11-18,71.99
1718,772,2024-11-05,436.31
1719,715,2024-11-07,343.49
1720,493,2024-04-17,292.2
1721,772,2023-05-16,395.67
1722,907,2023-07-15,489.5
1723,829,2023-05-19,267.82
1724,573,2024-10-12,377.04
1725,418,2024-06-01,93.12
1726,522,2023-12-04,410.2
1727,986,2023-08-07,423.39
1728,308,2024-11-01,154.65
1729,115,2023-01-12,30.47
1730,386,2024-08-12,29.81
1731,379,2024-06-05,320.05
1732,375,2022-11-12,10.44
1733,603,2024-05-06,139.6
1734,389,2024-01-30,233.23
1735,443,2024-01-24,320.69
1736,638,2024-05-05,164.31
1737,292,2024-01-09,339.08
1738,942,2022-12-27,291.09
1739,708,2022-12-13,151.91
1740,296,2024-07-10,445.11
1741,613,2024-10-28,312.56
1742,690,2024-02-12,288.68
1743,332,2024-09-10,447.37
1744,379,2024-07-16,269.28
1745,457,2024-08-12,449.1
1746,503,2023-11-24,495.03
1747,511,2024-03-03,414.34
1748,724,2022-11-26,442.02
1749,489,2023-05-03,319.43
1750,758,2023-12-10,292.34
1751,593,2024-06-10,231.09
1752,608,2023-09-30,180.71
1753,954,2022-11-22,280.62
1754,365,2023-07-27,485.49
1755,404,2023-07-23,445.85
1756,948,2024-04-03,46.69
1757,871,2024-10-01,65.59
1758,537,2024-02-24,318.08
1759,496,2024-05-02,229.24
1760,158,2024-03-12,63.66
1761,124,2023-09-24,445.68
1762,525,2023-10-01,275.45
1763,423,2024-05-10,480.21
1764,783,2024-09-17,439.78
1765,255,2023-12-18,301.22
1766,459,2023-08-17,363.96
1767,210,2024-08-13,383.03
1768,309,2023-04-17,40.84
1769,791,2023-06-14,148.44
1770,789,2024-03-02,322.72
1771,996,2023-12-02,83.94
1772,145,2023-11-06,282.3
1773,310,2023-10-04,340.76
1774,659,2024-05-19,261.78
1775,731,2023-01-11,49.83
1776,378,2024-10-24,393.52
1777,98,2024-10-11,10.33
1778,68,2024-08-15,41.11
1779,639,2024-10-12,383.27
1780,564,2024-10-19,475.04
1781,470,2024-04-15,374.31
1782,912,2023-09-01,244.89
1783,371,2023-02-13,153.1
1784,584,2023-03-22,162.19
1785,416,2024-02-05,485.68
1786,876,2024-02-09,468.94
1787,329,2024-08-02,111.05
1788,910,2023-09-03,274.52
1789,435,2024-02-04,42.19
1790,833,2023-01-08,352.36
1791,349,2023-11-08,462.26
1792,100,2024-07-23,303.45
1793,48,2024-09-19,222.74
1794,346,2023-06-06,409.87
1795,825,2023-03-29,455.4
1796,106,2024-06-21,227.2
1797,165,2024-01-08,201.4
1798,332,2024-03-27,331.41
1799,76,2023-02-21,54.87
1800,101,2023-10-06,463.88
1801,17,2024-10-15,361.76
1802,801,2024-09-20,229.73
1803,319,2022-12-24,429.36
1804,74,2024-03-30,52.52
1805,442,2023-04-10,134.41
1806,521,2024-05-22,119.14
1807,149,2024-05-27,474.99
1808,34,2022-12-09,88.75
1809,629,2023-12-10,164.07
1810,388,2024-09-15,171.98
1811,892,2023-12-27,63.83
1812,939,2024-01-04,358.38
1813,464,2023-03-12,133.72
1814,595,2023-06-18,167.4
1815,820,2024-07-17,358.47
1816,790,2024-08-14,393.29
1817,792,2023-03-25,16.23
1818,543,2023-04-26,339.74
1819,46,2022-12-04,394.54
1820,233,2023-12-27,167.19
1821,885,2023-06-22,77.98
1822,296,2023-10-02,255.87
1823,176,2024-01-29,196.87
1824,77,2024-01-07,445.94
1825,178,2023-07-02,62.95
1826,623,2023-02-03,285.07
1827,113,2024-08-31,238.3
1828,70,2023-09-10,361.96
1829,496,2023-04-21,376.72
1830,50,2023-05-23,374.69
1831,885,2023-05-30,36.07
1832,968,2023-10-22,373.6
1833,306,2023-07-18,184.65
1834,49,2024-04-24,286.84
1835,200,2023-08-22,118.48
1836,32,2022-11-23,172.68
1837,506,2023-05-20,107.04
1838,48,2023-10-22,344.23
1839,290,2022-11-16,369.6
1840,643,2024-01-27,438.11
1841,218,2024-03-18,460.74
1842,406,2024-09-20,414.82
1843,125,2023-09-06,274.36
1844,453,2024-10-10,164.7
1845,608,2024-08-21,130.35
1846,316,2022-11-29,251.18
1847,857,2022-12-07,432.08
1848,101,2022-12-19,33.25
1849,979,2023-02-12,368.95
1850,154,2023-09-15,192.82
1851,410,2023-07-26,330.29
1852,329,2023-07-23,460.54
1853,93,2023-07-28,28.58
1854,826,2024-04-05,194.59
1855,746,2022-12-24,458.71
1856,969,2023-05-16,389.04
1857,736,2023-08-01,98.76
1858,777,2023-12-07,167.41
1859,786,2023-07-31,389.26
1860,907,2022-11-23,469.05
1861,823,2024-06-18,355.73
1862,370,2023-05-20,152.21
1863,14,2024-09-18,331.44
1864,1,2023-04-27,214.53
1865,856,2023-03-19,407.67
1866,933,2023-11-01,267.21
1867,108,2023-08-16,125.41
1868,69,2023-01-12,389.84
1869,358,2022-11-17,200.73
1870,774,2024-05-30,103.86
1871,407,2022-11-18,148.43
1872,622,2024-06-14,427.01
1873,825,2023-06-16,407.13
1874,767,2023-07-29,283.33
1875,886,2024-02-16,285.99
1876,877,2023-12-03,333.87
1877,793,2024-07-08,445.5
1878,56,2023-05-27,413.54
1879,927,2022-12-10,219.76
1880,731,2023-04-19,324.55
1881,43,2023-06-16,249.44
1882,734,2023-02-24,271.29
1883,658,2023-09-06,96.5
1884,211,2024-11-05,186.05
1885,814,2024-05-14,270.14
1886,60,2024-03-27,471.79
1887,139,2024-04-05,268.38
1888,244,2024-05-19,453.77
1889,757,2024-05-24,384.73
1890,237,2024-06-02,453.47
1891,395,2022-11-24,423.48
1892,365,2023-12-08,366.57
1893,955,2023-03-14,465.89
1894,791,2024-05-07,290.49
1895,522,2024-03-24,459.08
1896,516,2023-05-28,452.29
1897,830,2023-09-24,72.1
1898,500,2022-12-02,125.53
1899,110,2023-04-07,25.93
1900,27,2024-10-06,131.77
1901,395,2024-03-03,440.99
1902,526,2024-03-29,460.43
1903,647,2024-11-08,474.02
1904,501,2023-06-12,335.86
1905,567,2023-06-20,476.22
1906,461,2024-02-28,468.84
1907,525,2023-12-18,397.99
1908,913,2023-10-17,109.22
1909,205,2023-02-21,238.78
1910,515,2023-10-09,304.03
1911,711,2023-03-28,452.47
1912,32,2022-12-10,185.27
1913,985,2023-05-06,363.96
1914,878,2023-06-11,316.09
1915,557,2023-09-13,311.07
1916,789,2023-11-29,50.94
1917,25,2024-03-13,264.77
1918,73,2023-06-20,345.9
1919,346,2024-10-19,436.48
1920,465,2023-10-29,172.51
1921,285,2022-12-13,109.7
1922,311,2024-10-13,250.44
1923,58,2024-07-23,15.03
1924,322,2024-08-01,176.99
1925,629,2023-02-08,155.57
1926,608,2023-03-04,317.33
1927,739,2022-12-31,108.59
1928,104,2023-12-01,479.85
1929,989,2024-05-30,258.3
1930,785,2024-03-04,322.67
1931,546,2023-09-06,189.25
1932,35,2024-09-12,424.48
1933,499,2023-09-15,36.69
1934,385,2022-12-11,396.68
1935,974,2024-07-14,277.47
1936,630,2023-10-12,144.67
1937,998,2024-05-09,440.44
1938,49,2022-11-16,82.49
1939,611,2023-03-16,117.72
1940,929,2024-03-13,445.62
1941,501,2024-02-07,354.14
1942,211,2024-05-21,385.78
1943,1000,2024-08-16,281.47
1944,263,2023-03-16,394.78
1945,899,2023-04-07,485.85
1946,956,2023-04-09,65.25
1947,111,2024-03-10,266.42
1948,308,2023-11-12,207.73
1949,106,2024-08-17,217.77
1950,778,2023-05-22,487.36
1951,717,2024-06-03,196.43
1952,867,2023-02-05,219.13
1953,373,2023-01-09,463.15
1954,938,2023-10-29,48.04
1955,874,2024-09-22,408.44
1956,87,2024-07-22,273.63
1957,275,2023-01-31,382.11
1958,818,2023-09-03,114.79
1959,568,2023-01-02,365.69
1960,374,2023-11-19,25.95
1961,181,2023-10-11,169.28
1962,464,2023-07-14,90.41
1963,483,2024-09-27,492.08
1964,481,2024-05-24,217.88
1965,121,2023-08-19,196.16
1966,730,2023-01-31,272.49
1967,14,2024-01-14,456.6
1968,720,2024-10-29,282.1
1969,763,2023-04-06,448.92
1970,463,2023-07-30,193.33
1971,613,2023-03-03,243.48
1972,636,2022-11-21,340.96
1973,123,2022-11-12,22.79
1974,353,2023-11-04,221.69
1975,2,2023-07-08,453.88
1976,569,2023-09-18,240.69
1977,876,2023-07-22,287.29
1978,716,2023-02-28,57.77
1979,915,2024-07-03,496.04
1980,508,2022-11-23,55.43
1981,7,2024-03-13,339.73
1982,348,2023-01-07,407.31
1983,493,2023-09-09,498.77
1984,890,2023-08-10,432.78
1985,211,2024-07-13,79.82
1986,300,2023-02-28,410.85
1987,9,2023-06-19,333.81
1988,347,2024-09-15,217.26
1989,710,2024-02-26,249.16
1990,455,2024-08-30,316.37
1991,606,2024-06-13,38.36
1992,716,2024-06-07,89.94
1993,696,2023-10-04,314.57
1994,298,2023-12-12,448.42
1995,279,2023-06-10,492.05
1996,243,2024-05-15,237.39
1997,371,2023-12-10,472.83
1998,357,2024-04-27,327.32
1999,5,2024-02-02,375.16
2000,528,2023-03-27,78.08
